use sz_flightfinder;

-- Insert data into countries table
INSERT INTO countries (country_id, name) VALUES
(1, 'South Korea'),
(2, 'United States'),
(3, 'United Kingdom'),
(4, 'United Arab Emirates'),
(5, 'Australia'),
(6, 'Peru'),
(7, 'France'),
(8, 'Germany'),
(9, 'China'),
(10, 'Brazil'),
(11, 'Canada'),
(12, 'India'),
(13, 'Russia'),
(14, 'Netherlands'),
(15, 'Mexico'),
(16, 'Italy'),
(17, 'Spain'),
(18, 'Turkey'),
(19, 'Japan'),
(20, 'South Africa');

-- Insert data into cities table
INSERT INTO cities (city_id, name, country_id) VALUES
(1, 'Seoul', 1),
(2, 'Denver', 2),
(3, 'London', 3),
(4, 'Dubai', 4),
(5, 'Sydney', 5),
(6, 'Lima', 6),
(7, 'Paris', 7),
(8, 'Berlin', 8),
(9, 'Beijing', 9),
(10, 'São Paulo', 10),
(11, 'Toronto', 11),
(12, 'Mumbai', 12),
(13, 'Moscow', 13),
(14, 'Amsterdam', 14),
(15, 'Mexico City', 15),
(16, 'Rome', 16),
(17, 'Madrid', 17),
(18, 'Istanbul', 18),
(19, 'Tokyo', 19),
(20, 'Cape Town', 20);


-- Insert data into airports table
INSERT INTO airports (airport_id, name, city_id, latitude, longitude) VALUES
(1, 'Incheon International Airport', 1, 37.4602, 126.4407),
(2, 'Denver International Airport', 2, 39.8561, -104.6737),
(3, 'Heathrow Airport', 3, 51.4700, -0.4543),
(4, 'Dubai International Airport', 4, 25.2522, 55.3644),
(5, 'Sydney Airport', 5, -33.9461, 151.1772),
(6, 'Jorge Chávez International Airport', 6, -12.0219, -77.1143),
(7, 'Charles de Gaulle Airport', 7, 49.0097, 2.5479),
(8, 'Berlin Tegel Airport', 8, 52.5597, 13.2877),
(9, 'Beijing Capital International Airport', 9, 40.0799, 116.6031),
(10, 'Guarulhos International Airport', 10, -23.4356, -46.4731),
(11, 'Toronto Pearson International Airport', 11, 43.6777, -79.6248),
(12, 'Chhatrapati Shivaji Maharaj International Airport', 12, 19.0887, 72.8679),
(13, 'Sheremetyevo International Airport', 13, 55.9726, 37.4144),
(14, 'Amsterdam Airport Schiphol', 14, 52.3105, 4.7683),
(15, 'Benito Juarez International Airport', 15, 19.4363, -99.0720),
(16, 'Leonardo da Vinci–Fiumicino Airport', 16, 41.8003, 12.2389),
(17, 'Adolfo Suárez Madrid–Barajas Airport', 17, 40.4710, -3.5626),
(18, 'Istanbul Atatürk Airport', 18, 40.9767, 28.8150),
(19, 'Tokyo Haneda Airport', 19, 35.5494, 139.7798),
(20, 'Cape Town International Airport', 20, -33.9715, 18.6021);

-- Insert data into airlines table
INSERT INTO airlines (airline_id, name) VALUES
(1, 'Korean Air'),
(2, 'United Airlines'),
(3, 'British Airways'),
(4, 'Emirates'),
(5, 'Qantas Airways'),
(6, 'LATAM Airlines'),
(7, 'Air France'),
(8, 'Lufthansa'),
(9, 'Air China'),
(10, 'LATAM Airlines Brasil'),
(11, 'Air Canada'),
(12, 'Air India'),
(13, 'Aeroflot'),
(14, 'KLM Royal Dutch Airlines'),
(15, 'Aeroméxico'),
(16, 'Alitalia'),
(17, 'Iberia'),
(18, 'Turkish Airlines'),
(19, 'Japan Airlines'),
(20, 'South African Airways');

-- Insert data into flights table
INSERT INTO flights (airline_id, source_airport_id, destination_airport_id, price) VALUES
-- Flights from Airport 1 to all other airports
(1, 1, 2, 0.00),
(1, 1, 3, 0.00),
(1, 1, 4, 0.00),
(1, 1, 5, 0.00),
(1, 1, 7, 0.00),
(1, 1, 8, 0.00),
(1, 1, 9, 0.00),
(1, 1, 11, 0.00),
(1, 1, 12, 0.00),
(1, 1, 13, 0.00),
(1, 1, 14, 0.00),
(1, 1, 16, 0.00),
(1, 1, 17, 0.00),
(1, 1, 18, 0.00),
(1, 1, 19, 0.00),

-- Flights from Airport 2 to all other airports
(2, 2, 1, 0.00),
(2, 2, 3, 0.00),
(2, 2, 6, 0.00),
(2, 2, 7, 0.00),
(2, 2, 8, 0.00),
(2, 2, 9, 0.00),
(2, 2, 10, 0.00),
(2, 2, 11, 0.00),
(2, 2, 13, 0.00),
(2, 2, 14, 0.00),
(2, 2, 15, 0.00),
(2, 2, 16, 0.00),
(2, 2, 17, 0.00),
(2, 2, 18, 0.00),
(2, 2, 19, 0.00),

-- Flights from Airport 3 to all other airports
(3, 3, 1, 0.00),
(3, 3, 2, 0.00),
(3, 3, 4, 0.00),
(3, 3, 6, 0.00),
(3, 3, 7, 0.00),
(3, 3, 8, 0.00),
(3, 3, 9, 0.00),
(3, 3, 10, 0.00),
(3, 3, 11, 0.00),
(3, 3, 12, 0.00),
(3, 3, 13, 0.00),
(3, 3, 14, 0.00),
(3, 3, 15, 0.00),
(3, 3, 16, 0.00),
(3, 3, 17, 0.00),
(3, 3, 18, 0.00),
(3, 3, 19, 0.00),
(3, 3, 20, 0.00),

-- Flights from Airport 4 to all other airports
(4, 4, 1, 0.00),
(4, 4, 3, 0.00),
(4, 4, 7, 0.00),
(4, 4, 8, 0.00),
(4, 4, 9, 0.00),
(4, 4, 11, 0.00),
(4, 4, 12, 0.00),
(4, 4, 13, 0.00),
(4, 4, 14, 0.00),
(4, 4, 16, 0.00),
(4, 4, 17, 0.00),
(4, 4, 18, 0.00),
(4, 4, 19, 0.00),
(4, 4, 20, 0.00),

-- Flights from Airport 5 to all other airports
(5, 5, 1, 0.00),
(5, 5, 9, 0.00),
(5, 5, 12, 0.00),
(5, 5, 19, 0.00),
(5, 5, 20, 0.00),

-- Flights from Airport 6 to all other airports
(6, 6, 2, 0.00),
(6, 6, 3, 0.00),
(6, 6, 7, 0.00),
(6, 6, 8, 0.00),
(6, 6, 10, 0.00),
(6, 6, 11, 0.00),
(6, 6, 14, 0.00),
(6, 6, 15, 0.00),
(6, 6, 16, 0.00),
(6, 6, 17, 0.00),
(6, 6, 20, 0.00),

-- Flights from Airport 7 to all other airports
(7, 7, 1, 0.00),
(7, 7, 2, 0.00),
(7, 7, 3, 0.00),
(7, 7, 4, 0.00),
(7, 7, 6, 0.00),
(7, 7, 8, 0.00),
(7, 7, 9, 0.00),
(7, 7, 10, 0.00),
(7, 7, 11, 0.00),
(7, 7, 12, 0.00),
(7, 7, 13, 0.00),
(7, 7, 14, 0.00),
(7, 7, 15, 0.00),
(7, 7, 16, 0.00),
(7, 7, 17, 0.00),
(7, 7, 18, 0.00),
(7, 7, 19, 0.00),
(7, 7, 20, 0.00),

-- Flights from Airport 8 to all other airports
(8, 8, 1, 0.00),
(8, 8, 2, 0.00),
(8, 8, 3, 0.00),
(8, 8, 4, 0.00),
(8, 8, 6, 0.00),
(8, 8, 7, 0.00),
(8, 8, 9, 0.00),
(8, 8, 10, 0.00),
(8, 8, 11, 0.00),
(8, 8, 12, 0.00),
(8, 8, 13, 0.00),
(8, 8, 14, 0.00),
(8, 8, 15, 0.00),
(8, 8, 16, 0.00),
(8, 8, 17, 0.00),
(8, 8, 18, 0.00),
(8, 8, 19, 0.00),
(8, 8, 20, 0.00),

-- Flights from Airport 9 to all other airports
(9, 9, 1, 0.00),
(9, 9, 2, 0.00),
(9, 9, 3, 0.00),
(9, 9, 4, 0.00),
(9, 9, 5, 0.00),
(9, 9, 7, 0.00),
(9, 9, 8, 0.00),
(9, 9, 11, 0.00),
(9, 9, 12, 0.00),
(9, 9, 13, 0.00),
(9, 9, 14, 0.00),
(9, 9, 16, 0.00),
(9, 9, 17, 0.00),
(9, 9, 18, 0.00),
(9, 9, 19, 0.00),

-- Flights from Airport 10 to all other airports
(10, 10, 2, 0.00),
(10, 10, 3, 0.00),
(10, 10, 6, 0.00),
(10, 10, 7, 0.00),
(10, 10, 8, 0.00),
(10, 10, 11, 0.00),
(10, 10, 13, 0.00),
(10, 10, 14, 0.00),
(10, 10, 15, 0.00),
(10, 10, 16, 0.00),
(10, 10, 17, 0.00),
(10, 10, 18, 0.00),
(10, 10, 20, 0.00),

-- Flights from Airport 11 to all other airports
(11, 11, 1, 0.00),
(11, 11, 2, 0.00),
(11, 11, 3, 0.00),
(11, 11, 4, 0.00),
(11, 11, 6, 0.00),
(11, 11, 7, 0.00),
(11, 11, 8, 0.00),
(11, 11, 9, 0.00),
(11, 11, 10, 0.00),
(11, 11, 13, 0.00),
(11, 11, 14, 0.00),
(11, 11, 15, 0.00),
(11, 11, 16, 0.00),
(11, 11, 17, 0.00),
(11, 11, 18, 0.00),
(11, 11, 19, 0.00),

-- Flights from Airport 12 to all other airports
(12, 12, 1, 0.00),
(12, 12, 3, 0.00),
(12, 12, 4, 0.00),
(12, 12, 5, 0.00),
(12, 12, 7, 0.00),
(12, 12, 8, 0.00),
(12, 12, 9, 0.00),
(12, 12, 13, 0.00),
(12, 12, 14, 0.00),
(12, 12, 16, 0.00),
(12, 12, 17, 0.00),
(12, 12, 18, 0.00),
(12, 12, 19, 0.00),
(12, 12, 20, 0.00),

-- Flights from Airport 13 to all other airports
(13, 13, 1, 0.00),
(13, 13, 2, 0.00),
(13, 13, 3, 0.00),
(13, 13, 4, 0.00),
(13, 13, 7, 0.00),
(13, 13, 8, 0.00),
(13, 13, 9, 0.00),
(13, 13, 10, 0.00),
(13, 13, 11, 0.00),
(13, 13, 12, 0.00),
(13, 13, 14, 0.00),
(13, 13, 15, 0.00),
(13, 13, 16, 0.00),
(13, 13, 17, 0.00),
(13, 13, 18, 0.00),
(13, 13, 19, 0.00),
(13, 13, 20, 0.00),

-- Flights from Airport 14 to all other airports
(14, 14, 1, 0.00),
(14, 14, 2, 0.00),
(14, 14, 3, 0.00),
(14, 14, 4, 0.00),
(14, 14, 6, 0.00),
(14, 14, 7, 0.00),
(14, 14, 8, 0.00),
(14, 14, 9, 0.00),
(14, 14, 10, 0.00),
(14, 14, 11, 0.00),
(14, 14, 12, 0.00),
(14, 14, 13, 0.00),
(14, 14, 15, 0.00),
(14, 14, 16, 0.00),
(14, 14, 17, 0.00),
(14, 14, 18, 0.00),
(14, 14, 19, 0.00),
(14, 14, 20, 0.00),

-- Flights from Airport 15 to all other airports
(15, 15, 2, 0.00),
(15, 15, 3, 0.00),
(15, 15, 6, 0.00),
(15, 15, 7, 0.00),
(15, 15, 8, 0.00),
(15, 15, 10, 0.00),
(15, 15, 11, 0.00),
(15, 15, 13, 0.00),
(15, 15, 14, 0.00),
(15, 15, 16, 0.00),
(15, 15, 17, 0.00),
(15, 15, 18, 0.00),
(15, 15, 19, 0.00),

-- Flights from Airport 16 to all other airports
(16, 16, 1, 0.00),
(16, 16, 2, 0.00),
(16, 16, 3, 0.00),
(16, 16, 4, 0.00),
(16, 16, 6, 0.00),
(16, 16, 7, 0.00),
(16, 16, 8, 0.00),
(16, 16, 9, 0.00),
(16, 16, 10, 0.00),
(16, 16, 11, 0.00),
(16, 16, 12, 0.00),
(16, 16, 13, 0.00),
(16, 16, 14, 0.00),
(16, 16, 15, 0.00),
(16, 16, 17, 0.00),
(16, 16, 18, 0.00),
(16, 16, 19, 0.00),
(16, 16, 20, 0.00),

-- Flights from Airport 17 to all other airports
(17, 17, 1, 0.00),
(17, 17, 2, 0.00),
(17, 17, 3, 0.00),
(17, 17, 4, 0.00),
(17, 17, 6, 0.00),
(17, 17, 7, 0.00),
(17, 17, 8, 0.00),
(17, 17, 9, 0.00),
(17, 17, 10, 0.00),
(17, 17, 11, 0.00),
(17, 17, 12, 0.00),
(17, 17, 13, 0.00),
(17, 17, 14, 0.00),
(17, 17, 15, 0.00),
(17, 17, 16, 0.00),
(17, 17, 18, 0.00),
(17, 17, 19, 0.00),
(17, 17, 20, 0.00),

-- Flights from Airport 18 to all other airports
(18, 18, 1, 0.00),
(18, 18, 2, 0.00),
(18, 18, 3, 0.00),
(18, 18, 4, 0.00),
(18, 18, 7, 0.00),
(18, 18, 8, 0.00),
(18, 18, 9, 0.00),
(18, 18, 10, 0.00),
(18, 18, 11, 0.00),
(18, 18, 12, 0.00),
(18, 18, 13, 0.00),
(18, 18, 14, 0.00),
(18, 18, 15, 0.00),
(18, 18, 16, 0.00),
(18, 18, 17, 0.00),
(18, 18, 19, 0.00),
(18, 18, 20, 0.00),

-- Flights from Airport 19 to all other airports
(19, 19, 1, 0.00),
(19, 19, 2, 0.00),
(19, 19, 3, 0.00),
(19, 19, 4, 0.00),
(19, 19, 5, 0.00),
(19, 19, 7, 0.00),
(19, 19, 8, 0.00),
(19, 19, 9, 0.00),
(19, 19, 11, 0.00),
(19, 19, 12, 0.00),
(19, 19, 13, 0.00),
(19, 19, 14, 0.00),
(19, 19, 15, 0.00),
(19, 19, 16, 0.00),
(19, 19, 17, 0.00),
(19, 19, 18, 0.00),

-- Flights from Airport 20 to all other airports
(20, 20, 3, 0.00),
(20, 20, 4, 0.00),
(20, 20, 5, 0.00),
(20, 20, 6, 0.00),
(20, 20, 7, 0.00),
(20, 20, 8, 0.00),
(20, 20, 10, 0.00),
(20, 20, 12, 0.00),
(20, 20, 13, 0.00),
(20, 20, 14, 0.00),
(20, 20, 16, 0.00),
(20, 20, 17, 0.00),
(20, 20, 18, 0.00);
